[
  {
    "id": "8797fc04-bd9a-43ef-bc90-939b9c2b69bf",
    "data": [
      {
        "text": "じゃあね",
        "userDefined": false
      }
    ],
    "isTemplate": false,
    "count": 0,
    "updated": 1528201100
  },
  {
    "id": "4b469db0-cf3e-4a82-908e-0c9b7084ef38",
    "data": [
      {
        "text": "終了",
        "userDefined": false
      }
    ],
    "isTemplate": false,
    "count": 0,
    "updated": 1528201100
  },
  {
    "id": "2f47d9a3-744c-42fa-bad5-96231d2c0f85",
    "data": [
      {
        "text": "おわり",
        "userDefined": false
      }
    ],
    "isTemplate": false,
    "count": 0,
    "updated": 1528201100
  },
  {
    "id": "c1f9bf8f-f47d-429f-a3d2-d732c241c03a",
    "data": [
      {
        "text": "ばいばい",
        "userDefined": false
      }
    ],
    "isTemplate": false,
    "count": 0,
    "updated": 1528201100
  }
]