[
  {
    "id": "731bb53d-f012-4499-af84-ef26e53d534c",
    "data": [
      {
        "text": "追加",
        "userDefined": false
      }
    ],
    "isTemplate": false,
    "count": 0,
    "updated": 1528197343
  },
  {
    "id": "629adfc2-58f0-4603-ac83-c4feb4a1596b",
    "data": [
      {
        "text": "新規",
        "userDefined": false
      }
    ],
    "isTemplate": false,
    "count": 0,
    "updated": 1528197343
  },
  {
    "id": "c32ace46-7ef6-4d21-a3fe-a0b22cfd10f8",
    "data": [
      {
        "text": "作成",
        "userDefined": false
      }
    ],
    "isTemplate": false,
    "count": 0,
    "updated": 1528197343
  },
  {
    "id": "5a9537d9-c409-4aaa-b37c-95f1b4d70004",
    "data": [
      {
        "text": "メモ作成",
        "userDefined": false
      }
    ],
    "isTemplate": false,
    "count": 0,
    "updated": 1528197343
  },
  {
    "id": "965d762b-022a-4b6a-bbca-1c81822f9fc3",
    "data": [
      {
        "text": "メモして",
        "userDefined": false
      }
    ],
    "isTemplate": false,
    "count": 0,
    "updated": 1528011807
  },
  {
    "id": "247d4556-d2ea-419b-9d2f-88f465200e0d",
    "data": [
      {
        "text": "メモを追加",
        "userDefined": false
      }
    ],
    "isTemplate": false,
    "count": 0,
    "updated": 1528011807
  }
]