[
  {
    "id": "a49c8e9e-03c5-46a8-867d-33876f3d7d2e",
    "data": [
      {
        "text": "yes",
        "userDefined": false
      }
    ],
    "isTemplate": false,
    "count": 0,
    "updated": 1528200117
  },
  {
    "id": "f47fe75c-c76f-4697-a4be-08cb61f4c893",
    "data": [
      {
        "text": "よろしく",
        "userDefined": false
      }
    ],
    "isTemplate": false,
    "count": 0,
    "updated": 1528200117
  },
  {
    "id": "f6d4b7e5-93d0-48c4-abd1-f51d423365b7",
    "data": [
      {
        "text": "お願い",
        "userDefined": false
      }
    ],
    "isTemplate": false,
    "count": 0,
    "updated": 1528200117
  },
  {
    "id": "30cbb29f-a1eb-4c91-9999-3213ba549c76",
    "data": [
      {
        "text": "いいよ",
        "userDefined": false
      }
    ],
    "isTemplate": false,
    "count": 0,
    "updated": 1528200117
  },
  {
    "id": "febfe503-1363-407a-ad8e-0e1135a53b1c",
    "data": [
      {
        "text": "はい",
        "userDefined": false
      }
    ],
    "isTemplate": false,
    "count": 0,
    "updated": 1528200117
  }
]