[
  {
    "id": "62e6e8b6-1e78-4180-b414-87baad06f51d",
    "data": [
      {
        "text": "no",
        "userDefined": false
      }
    ],
    "isTemplate": false,
    "count": 0,
    "updated": 1528200267
  },
  {
    "id": "07bfadb2-7e2b-4876-a583-5c0811fa37a6",
    "data": [
      {
        "text": "しない",
        "userDefined": false
      }
    ],
    "isTemplate": false,
    "count": 0,
    "updated": 1528200267
  },
  {
    "id": "8a0db095-8bd2-4786-94de-f734ffebcd2b",
    "data": [
      {
        "text": "だめ",
        "userDefined": false
      }
    ],
    "isTemplate": false,
    "count": 0,
    "updated": 1528200267
  },
  {
    "id": "284a8eff-65e2-4ca9-bc57-f2dbd51319f1",
    "data": [
      {
        "text": "いや",
        "userDefined": false
      }
    ],
    "isTemplate": false,
    "count": 0,
    "updated": 1528200267
  },
  {
    "id": "dbda4ea0-ab72-4925-bead-1c0e4ec12a40",
    "data": [
      {
        "text": "いいえ",
        "userDefined": false
      }
    ],
    "isTemplate": false,
    "count": 0,
    "updated": 1528200267
  }
]