[
  {
    "id": "16ceaaa9-e30c-4519-bbfe-5667d6f171d7",
    "data": [
      {
        "text": "参照教えて",
        "userDefined": false
      }
    ],
    "isTemplate": false,
    "count": 0,
    "updated": 1528198583
  },
  {
    "id": "c4479498-d0a7-40fe-bb44-45e48a7345d6",
    "data": [
      {
        "text": "参照",
        "userDefined": false
      }
    ],
    "isTemplate": false,
    "count": 0,
    "updated": 1528198583
  },
  {
    "id": "d12e7e3e-dcd2-4e71-aea2-81c29dac4fa2",
    "data": [
      {
        "text": "メモは何",
        "userDefined": false
      }
    ],
    "isTemplate": false,
    "count": 0,
    "updated": 1528198583
  },
  {
    "id": "2f55d698-6773-417e-90e2-d3bd22dbeff2",
    "data": [
      {
        "text": "メモ参照",
        "userDefined": false
      }
    ],
    "isTemplate": false,
    "count": 0,
    "updated": 1528198583
  },
  {
    "id": "999dd57c-3fd9-4e7e-8adb-708225224763",
    "data": [
      {
        "text": "メモ教えて",
        "userDefined": false
      }
    ],
    "isTemplate": false,
    "count": 0,
    "updated": 1528198583
  }
]